{
  "components": ["FE", "MN", "VA"],
  "phases": ["FCC_A1"],
  "solver": {
    "mode": "manual",
    "sublattice_site_ratios": [1, 1],
    "sublattice_configurations": [
      	[["FE", "MN"], "VA"]
    ],
    "sublattice_occupancies": [
	[[0.43, 0.57], 1]
    ]
  },
  "conditions": {
    "P": 101325,
    "T": 
[393.7575256758352,
 394.9883917679928,
 399.951730741484,
 401.1783995068141,
 404.89828040766537,
 404.8751951101143,
 407.3348286310156,
 409.802856805572,
 412.2708849801282,
 415.9928645443933,
 420.9457102008158,
 424.6634924382534,
 424.6320124870473,
 430.8367108697648,
 432.0591823082674,
 438.2659793543986,
 440.7151195582313,
 443.1957397132701,
 445.6658665512401,
 450.62920552473145,
 453.1014310261152,
 453.0804443919778,
 455.5379792494655,
 460.5055155497842,
 461.72378966145936,
 465.4478678891381,
 467.9158960636944,
 469.13207151195576,
 474.0996078122745,
 474.07022652448217,
 480.2854182242684,
 482.742953081756,
 491.4408635999947,
 493.917286428206,
 493.8900038038274,
 495.1166725691575,
 500.0842088694762,
 508.7863167145424,
 511.3236007817521,
 512.6006374690119,
 513.8734768294441,
 513.9196474245464,
 518.9396503102087,
 522.7098991329897,
 523.9974291373182,
 527.7697766235128,
 529.0468133107727,
 534.0752108500899,
 534.1108881281234,
 540.4058290376316,
 549.1771927753512,
 556.6988024501895,
 556.7302824013955,
 567.9906609478089,
 573.0295518041947,
 581.7820275711906,
 588.0245018953553,
 594.2774695365889,
 604.2755020396385,
 610.5074830467346,
 613.0006951822559,
 627.9788559661067,
 642.9486220963024,
 651.6738152389196,
 660.4116003620193,
 670.378152913863,
 677.8514933301853,
 691.5547160901899,
 702.7794173585696,
 716.4952320990569,
 731.4524062487703,
 740.1775993913875,
 743.9289602434449,
 751.3981033329399,
 756.3761329503272,
 770.1087369981242,
 780.0857828670366,
 790.0754207164312,
 796.2969084064584,
 800.0440719316884,
 810.0295124542556,
 813.7598866721755,
 816.2551974711105,
 818.7337189627356,
 827.4568134419392,
 832.4474350398089,
 838.6605280761814,
 842.4223822453075,
 853.6449848502734,
 856.1277036687259,
 861.107831949527,
 866.1068482010519,
 871.0785818281981,
 877.304266845053,
 884.7985938955128,
 888.5205734597778,
 890.9927989611617,
 893.4755177796139,
 899.732682747675,
 899.7158934403651,
 903.4462676582853,
 909.703432626346,
 917.1767730426684,
 915.9102296724772,
 929.6365377300332,
 938.3701255263054,
 943.3439578168652,
 950.8277915502564,
 957.0513779036976,
 962.035703511326,
 967.043114416506,
 970.7525020002886,
 979.4713991526646,
 984.4767113944306,
 995.7223992969476,
 995.7014126628104,
 998.1778354910216,
 1004.4056191712904,
 1008.1653746770024,
 1023.1330421437848,
 1020.6125473838848,
 1021.845512139456,
 1028.056506512415,
 1038.0272563910858,
 1041.7849132333845,
 1048.0399795380315,
 1054.309736486575,
 1064.2951770091422,
 1066.7820931544222,
 1069.2627133094609,
 1071.7391361376722,
 1075.4821023360746,
 1080.4979078949093,
 1094.2158212988104,
 1097.948294180144,
 1111.6892928815955,
 1117.9401618594156,
 1117.9275698789331,
 1126.6275790605855,
 1130.3516572882645,
 1135.312897598342,
 1144.0653733653378,
 1150.32883432364,
 1156.5503220136677,
 1160.2785975681736,
 1166.5021839216147,
 1170.2199661590523,
 1178.9703432626343,
 1180.249478613308,
 1186.475163630163,
 1188.9515864583743,
 1197.678878264405,
 1205.1920932855885,
 1207.7167853723158,
 1216.4272878710372,
 1218.9037106992482,
 1225.1210010624482,
 1227.6372984955206,
 1231.3592780597855,
 1230.0780440456983,
 1240.0571885780244,
 1243.837930717874,
 1248.8495389498812,
 1255.089914610632,
 1255.0647306496674,
 1255.0500400057713,
 1260.015477642676,
 1271.2632642086069,
 1268.8141240047742,
 1277.5078371961856,
 1281.2214221067957,
 1291.217355946431,
 1298.7179789871325,
 1302.456747858707,
 1309.9237922847883,
 1318.6426894371648,
 1313.6940411075695,
 1316.208239877228,
 1329.9240546177152,
 1332.427760070305,
 1341.129867915371,
 1346.0869108986212,
 1362.2833457941472,
 1364.820629861357,
 1369.8364354201915]	
	},
  "output": "CPM",