{
  "components": ["FE", "MN", "VA"],
  "phases": ["FCC_A1"],
  "solver": {
    "mode": "manual",
    "sublattice_site_ratios": [1, 1],
    "sublattice_configurations": [
      	[["FE", "MN"], "VA"]
    ],
    "sublattice_occupancies": [
	[[0.5, 0.5], 1]
    ]
  },
  "conditions": {
    "P": 101325,
    "T": 
[377.5170188486208,
 382.4824564855258,
 386.20233738637705,
 386.17715342541214,
 389.89493566284966,
 392.35876651057856,
 394.8267946851349,
 397.3011188499325,
 401.0230984141975,
 402.2518658429413,
 403.48063327168506,
 408.4460709085901,
 409.6685423470928,
 412.1386691850627,
 414.6087960230328,
 417.07892286100287,
 420.79460643502665,
 422.019176536943,
 426.9825155104343,
 429.4442476947494,
 431.9185718595469,
 434.38660003410325,
 436.8546282086596,
 439.3247550466296,
 443.0488332743085,
 444.271304712811,
 447.9890869502485,
 450.4550164613912,
 452.91884730912,
 457.8800876191975,
 461.5957711932213,
 462.8140453048964,
 466.52763021550646,
 468.9914610632353,
 468.96627710227045,
 471.4426999304817,
 473.9149254318655,
 481.371476540878,
 483.83320872519306,
 486.3096315534044,
 488.78605438161566,
 491.254082556172,
 496.219520193077,
 497.4482876218208,
 499.9855716890305,
 503.7621165020527,
 502.5396450635501,
 505.0559424966224,
 505.07692913075977,
 510.1053266700769,
 510.1347079578693,
 511.40964598171536,
 512.6824853421476,
 515.207177428875,
 516.4863127795485,
 517.7591521399808,
 521.5252036359343,
 521.5482889334855,
 524.0666850299715,
 529.1013785595298,
 531.6176759926022,
 534.1444667427431,
 539.174962945474,
 542.9473104316687,
 551.7144768425609,
 556.7407757184642,
 566.7451042117552,
 576.757827358701,
 588.0119099148728,
 600.5010558900301,
 616.7079841026246,
 634.1730610317554,
 645.3935649733075,
 649.1218405278139,
 655.3622161885648,
 662.860740565852,
 672.8314904445231,
 680.3132255145003,
 682.8022403231942,
 690.2776794029303,
 694.0248429281601,
 703.9955928068312,
 710.229672477341,
 716.4574561576096,
 722.6978318183608,
 725.1910439538817,
 733.9078424428442,
 740.1314287962853,
 745.138839701465,
 748.8650165925576,
 757.5839137449336,
 766.317501541206,
 773.8076312648382,
 773.7950392843557,
 780.0249216280381,
 786.2778892692716,
 792.5098702763678,
 796.25283647477,
 804.9801282808012,
 811.2121092878972,
 816.196434895526,
 823.680268628917,
 826.1587901205419,
 831.1620036988943,
 834.8965752436416,
 843.6364590301553,
 848.6102913207151,
 858.5768438725586,
 867.3062343420033,
 874.7858707485668,
 876.020934167552,
 880.9989637849394,
 882.2592111648894,
 885.974894738913,
 893.4377418381666,
 898.4430540799328,
 904.6603444431328,
 909.6614593580714,
 915.8934403651674,
 914.6247983315624,
 914.6101076876664,
 919.6238145830872,
 925.8494995999422,
 932.0982699143484,
 942.079513110088,
 947.0554440640616,
 949.5507548629968,
 952.0355723448628,
 960.7439761801702,
 966.9969438214036,
 970.7315153661513,
 983.2206613413082,
 983.1996747071707,
 993.1746219126692,
 994.4285733023778,
 998.150552866643,
 1003.1306811474442,
 1005.6469785805166,
 1011.8726635973712,
 1016.8611865318276,
 1021.8664987735935,
 1025.5905770012723,
 1020.5768701058514,
 1029.3440365167432,
 1043.0535552669894,
 1048.0189929038943,
 1055.4839386665617,
 1063.0055483414,
 1070.4935794016185,
 1076.7129684282322,
 1075.446425058041,
 1090.4329804955466,
 1096.6859481367803,
 1105.40694395257,
 1106.6378100447278,
 1111.6200369889425,
 1125.3631343538082,
 1137.8291950314142,
 1141.5511745956792,
 1145.281548813599,
 1155.2522986922702,
 1165.2755151562849,
 1173.986017655006,
 1180.201209354792,
 1190.1761565602906,
 1197.67048361075,
 1205.1438240270727,
 1211.3716077073414,
 1230.0696493920434,
 1238.8263224858665,
 1258.767822243209,
 1263.7437531971823,
 1274.968454465562,
 1282.4732748330905,
 1289.9424179225853,
 1296.1555109589578,
 1311.1210797623262,
 1322.3814583087394,
 1342.3250567294951,
 1344.8077755479478,
 1347.2737050590904,
 1354.7470454754127,
 1373.5080470625269,
 1374.7787877595456]
	},
  "output": "CPM",