{
  "components": ["FE", "MN", "VA"],
  "phases": ["FCC_A1"],
  "solver": {
    "mode": "manual",
    "sublattice_site_ratios": [1, 1],
    "sublattice_configurations": [
      	[["FE", "MN"], "VA"]
    ],
    "sublattice_occupancies": [
	[[0.7, 0.3], 1]
    ]
  },
  "conditions": {
    "P": 101325,
    "T": [371.2136832854576,
 374.9398601765501,
 381.1424598958538,
 383.6062907435826,
 386.0806149083802,
 388.5402484292816,
 391.0103752672516,
 394.72605884127546,
 398.4417424152993,
 399.6516218733194,
 403.3631081205157,
 408.3285457574207,
 409.53842521544095,
 413.2478127992235,
 416.96349637324727,
 419.43991920145857,
 424.417948818846,
 429.423261060612,
 430.6877057673894,
 431.9479531473392,
 433.21659518094407,
 435.73708994084393,
 439.5031414367974,
 439.522029407521,
 442.03832684059336,
 444.5588216004932,
 448.322774433033,
 450.8432691929328,
 454.6093206888863,
 459.6293235745485,
 465.8780938889545,
 468.4048846390954,
 473.4080982174478,
 478.4113117958,
 489.6758876690408,
 495.93305263710175,
 505.9394797938063,
 515.9438082870972,
 524.6983827175068,
 539.6891354818399,
 552.1761827935834,
 555.9212476553994,
 557.1731003816943,
 565.9066881779665,
 569.6391610593002,
 572.136570521649,
 575.8837340468788,
 579.6267002452812,
 584.6194205065649,
 589.6037461141934,
 598.335235247052,
 602.0803001088682,
 603.3216595180943,
 609.5557391886042,
 612.0510499875392,
 618.2830309946353,
 627.0145201274938,
 634.4983538608849,
 640.7240388777398,
 645.7104631487821,
 651.9403454924643,
 659.4178832356142,
 666.8975196421779,
 675.6206141213813,
 683.0981518645312,
 694.3186558060836,
 703.0459476121146,
 709.2779286192106,
 710.5213866918507,
 715.5099096263068,
 724.2434974225789,
 729.2299216936212,
 736.7200514172537,
 739.2069675625335,
 740.446228308346,
 745.4305539159748,
 751.6646335864846,
 759.1400726662207,
 767.8652658088381,
 770.3500832907041,
 776.5778669709728,
 785.3093561038313,
 790.2915830480463,
 795.275908655675,
 800.2644315901309,
 798.9999868833536,
 806.4817219533309,
 810.2414774590432,
 815.2111124227758,
 823.9237135849107,
 820.2080300108867,
 825.1755663112056,
 827.6771731003817,
 835.1756974776688,
 838.9060716955889,
 843.8987919568724,
 843.9113839373549,
 847.6690407796534,
 850.1496609346921,
 853.8821338160258,
 855.1150985715972,
 857.5936200632223,
 862.5716496806094,
 866.3335038497357,
 867.5643699418931,
 873.7942522855756,
 880.0283319560854,
 881.2948753262765,
 882.5299387452617,
 888.7556237621163,
 893.7357520429175,
 899.9866210207374,
 903.7086005850024,
 906.197615393696,
 909.9636668896496,
 912.4400897178608,
 913.6793504636732,
 918.6552814176472,
 921.1631841970644,
 926.1433124778656,
 932.3794908117892,
 934.883196264379,
 939.86332454518,
 942.3481420270466,
 947.3450596151574,
 949.829877097024,
 952.31469457889,
 954.7932160705152,
 959.7712456879024,
 959.7943309854536,
 963.545691837511,
 969.7965608153306,
 973.5290336966644,
 974.7682944424768,
 977.2594079145842,
 980.9876834690904,
 983.478796941198,
 987.2448484371514,
 993.4663361271788,
 995.944857618804,
 1000.9228872361914,
 1003.4391846692638,
 1008.4361022573748,
 1008.4172142866512,
 1018.4131481262872,
 1018.4152467897007,
 1029.6336520678392,
 1033.3598289589318,
 1045.8216923097102,
 1049.5499678642163,
 1050.8270045514762,
 1058.3318249190047,
 1063.3140518632194,
 1065.7925733548443,
 1069.5229475727645,
 1070.7517150015085,
 1078.2523380422092,
 1084.519996327339,
 1090.733089363711,
 1089.4749406471751,
 1094.450871601149,
 1098.1875418093102,
 1110.6997730820185,
 1114.417555319456,
 1128.1228767428745,
 1128.101890108737,
 1140.6015294009626,
 1145.61313763297,
 1148.0937577880086,
 1154.3173441414497,
 1163.036241293826,
 1170.5032857199071,
 1181.725888324873,
 1186.7291019032252,
 1196.741825050171,
 1205.4838075000982,
 1215.465050695838,
 1229.178766772911,
 1235.40655045318,
 1232.8902530201078,
 1237.8661839740814,
 1246.5871797898712,
 1261.5842285444458,
 1267.845590839334,
 1272.811028476239,
 1280.2843688925614,
 1290.248822780991,
 1305.2080955941185,
 1311.4736552158342,
 1317.724524193654,
 1325.1957659465627,
 1330.167499573709,
 1338.886396726085,
 1348.8529492779285,
 1352.6169021104683,
 1358.8740670785294,
 1366.3369141777828,
 1366.3138288802318]
	},
  "output": "CPM",