{
  "components": ["FE", "MN", "VA"],
  "phases": ["FCC_A1"],
  "solver": {
    "mode": "manual",
    "sublattice_site_ratios": [1, 1],
    "sublattice_configurations": [
      	[["FE", "MN"], "VA"]
    ],
    "sublattice_occupancies": [
	[[0.6, 0.4], 1]
    ]
  },
  "conditions": {
    "P": 101325,
    "T": [374.98393210823855,
 377.4561576096224,
 377.4372696388987,
 381.16134786657744,
 383.64406668502994,
 384.2385130969715,
 383.5978960899277,
 384.8203675284303,
 386.0407403035192,
 389.7669171946116,
 394.7386508217579,
 398.4501370689542,
 400.9139679166831,
 404.6296514907068,
 407.0997783286769,
 409.5720038300608,
 412.0211440338932,
 415.7368276079172,
 418.21115177271474,
 421.92893401015226,
 423.1535041120686,
 423.13461614134496,
 428.0895604611813,
 431.8031453717913,
 434.26907488293386,
 436.7350043940765,
 439.2030325686328,
 444.1705688689516,
 444.1411875811592,
 445.36995500990304,
 449.09613190099554,
 450.3102086858432,
 455.2840409764032,
 455.2651530056795,
 458.9787379162895,
 460.2012093547921,
 463.9189915922296,
 466.3807237765448,
 471.3566547305184,
 473.8320282270228,
 476.3409803381471,
 477.60122771809694,
 478.8635737614607,
 478.8824617321843,
 481.39666050184286,
 482.66320387203393,
 481.4302391164627,
 481.4512257506001,
 483.9591285300174,
 486.47332729967593,
 486.4943139338133,
 486.5320898752606,
 487.79443591862434,
 491.55419142433664,
 491.5856713755427,
 492.85011608232,
 496.6182662416873,
 495.3894988129435,
 499.1639449625519,
 502.9362924487467,
 507.9541966709952,
 507.9751833051325,
 511.7559254449822,
 515.528272931177,
 516.8053096184367,
 521.8127205236165,
 524.33531394693,
 529.3490208423509,
 531.8590222851822,
 536.8769265074305,
 540.6324846863154,
 545.6440929183227,
 551.9012578863836,
 556.8918794842534,
 564.4029958420231,
 571.8952242290691,
 575.6465850811264,
 579.3916499429426,
 589.3812877923372,
 599.3688269783181,
 608.0919214575217,
 619.3145240624876,
 626.7920618056376,
 633.0303388029749,
 639.2686158003121,
 650.4933170686918,
 651.7304791510905,
 656.7106074318917,
 662.9614764097114,
 671.6908668791564,
 679.1726019491337,
 689.1475491546321,
 691.6344652999121,
 702.8507719146369,
 710.326210994373,
 719.0597987906451,
 724.0399270714463,
 735.2667270032398,
 736.5038890856385,
 744.0003147995121,
 755.2187200776505,
 757.6972415692755,
 765.1978646099765,
 775.1749104788887,
 777.6618266241687,
 781.3922008420886,
 786.3891184301997,
 798.8467844541508,
 803.8395047154343,
 815.064205983814,
 828.7758233974737,
 835.0308897021209,
 836.2638544576923,
 842.5021314550295,
 847.5011477065543,
 854.9744881228767,
 858.7048623407966,
 861.1917784860766,
 874.9243825338735,
 878.6421647713112,
 874.8803106021851,
 882.3641443355764,
 888.6171119768096,
 892.3474861947298,
 892.345387531316,
 897.3548970999095,
 902.3287293904692,
 908.581697031703,
 903.5742861265232,
 908.5565130707382,
 914.7800994241792,
 919.7854116659452,
 922.26393315757,
 923.5052925667964,
 931.0038169440836,
 933.5096210600872,
 935.9965372053672,
 938.4834533506472,
 944.7070397040884,
 948.4437099122496,
 957.1898896890044,
 957.1689030548667,
 960.9013759362006,
 962.165820642978,
 967.1648368945029,
 972.14286651189,
 972.1344718582352,
 978.362255538504,
 983.33398916565,
 984.602631199255,
 987.1063366518448,
 992.0969582497146,
 998.326840593397,
 1007.054132399428,
 1007.0457377457732,
 1014.5442621230602,
 1023.2967378900562,
 1020.7720458033292,
 1025.745878093889,
 1028.2432875562376,
 1032.009339052191,
 1040.751321502118,
 1040.7324335313945,
 1044.4628077493146,
 1055.6770157006256,
 1056.9435590708167,
 1063.2007240388778,
 1068.1745563294376,
 1070.6530778210629,
 1075.6667847164836,
 1080.6511103241123,
 1085.6291399414995,
 1090.615564212542,
 1096.8685318537755,
 1103.1110061779405,
 1103.138288802319,
 1108.1163184197064,
 1119.3242303807765,
 1126.7891761434437,
 1134.2625165597658,
 1139.2615328112906,
 1140.5196815278268,
 1144.273141043298,
 1150.4988260601526,
 1156.7182150867666,
 1171.6837838901347,
 1174.2084759768622,
 1177.9367515313684,
 1180.417371686407,
 1186.6325633861934,
 1192.8918270176678,
 1201.6002308529753,
 1209.1134458741587,
 1217.8344416899486,
 1221.5564212542138,
 1229.0234656802947,
 1229.061241621742,
 1235.3058146093206,
 1249.0468133107724,
 1251.5169401487426,
 1258.9923792284787,
 1262.760529387846,
 1271.487821193877,
 1276.4574561576094,
 1282.676845184223,
 1288.904628864492,
 1295.168089822794,
 1300.1398234499402,
 1305.1073597502589,
 1310.1273626359211,
 1317.6321830034494,
 1322.6060152940097,
 1327.5924395650518,
 1333.8433085428717,
 1336.3155340442554,
 1337.5422028095854,
 1341.276774354333,
 1350.05233541888,
 1360.041973268275,
 1361.2791353506734,
 1369.993835176222,
 1368.7188971523758]
	},
  "output": "CPM",