{
  "components": ["FE", "VA"],
  "phases": ["BCC_A2"],
  "solver": {
	  "mode": "manual",
	  "sublattice_site_ratios": [1, 3],
	  "sublattice_configurations": [["FE", "VA"]]
  },
  "conditions": {
	  "P": 101325,
	  "T": [94.24236031180980,
103.52775604271800,
118.7408145262010,
132.25008167338300,
149.12331301068100,
153.34896477317900,
163.48269547979000,
180.38174183733500,
188.81435172698000,
202.33252060528200,
209.92569725034400,
220.90242189398600,
247.06906052019900,
264.8021990836560,
272.39804624805400,
281.6852223251860,
288.43451486010500,
290.9821903065490,
296.04104410184600,
300.2515629214410,
329.79818885378600,
345.8364378120610,
436.99728586218200,
479.21374569712600,
482.59729369570500,
536.6094374372980,
554.3381251351950,
567.0035081722340,
562.7912090064150,
568.7028486429760,
618.4946816607430,
665.7833478876640,
668.323901949212,
740.8970452483890,
746.8122455773970,
834.6215918609690,
837.1621459225180,
838.8605962201470,
852.3778749253370,
861.6650510024680,
883.6051476930720,
903.0340660348220,
909.7993816857560,
927.5173873063090,
930.9098370360080,
972.2922046650410,
972.3011063961610,
986.6560379997100,
995.1251449869450,
1001.8851195992100,
997.6701499140540,
1006.9599965105200,
1019.6583159527000,
1023.8848578883100,
1025.5975509557300,
1027.2995619458100,
1030.6866706368400,
1030.6946821948500,
1031.547468036110,
1034.9363570733600,
1034.9666229591700,
1035.827420358440,
1044.9677178720900,
1055.0818647702400,
1064.3191911531000,
1064.312069768210,
1087.90521792773,
1101.389560227780]
  },
  "output": "CPM",
  "values":   [
		[[14.1165788510892],
 [14.3720941411476],
 [16.5700383753629],
 [17.2485639282271],
 [16.8308947040931],
 [17.4226817889275],
 [18.1003527756043],
 [20.1299474708847],
 [19.5413650092533],
 [21.0637746722605],
 [20.8969206241538],
 [21.4904168413631],
 [22.0877586064162],
 [23.1892944220863],
 [23.2756056070224],
 [23.6998977191094],
 [23.5328300294558],
 [25.0524623523536],
 [24.6318021465634],
 [23.7889862441549],
 [24.8091246304669],
 [25.2351258749289],
 [27.283521026334],
 [29.4039133790348],
 [30.1642636443509],
 [30.5154903474079],
 [31.1950841080065],
 [31.8733960193239],
 [32.5474350997038],
 [32.9708726456034],
 [33.2366427299117],
 [36.2022010420366],
 [37.0467260768202],
 [36.9807108388368],
 [37.7417020287935],
 [42.067729711397],
 [42.9122547461805],
 [43.9253429614457],
 [45.3633642134386],
 [45.7876563255256],
 [45.70882259473],
 [47.5702813926224],
 [48.922205101226],
 [48.5891379296532],
 [50.1933723051122],
 [53.2418235374233],
 [54.0857076475662],
 [54.9332236640059],
 [57.8045660539605],
 [58.6501592964784],
 [59.0710331438155],
 [59.7484904889454],
 [63.5491736077915],
 [64.2253491036402],
 [66.5886518951341],
 [67.9392937544564],
 [69.0371976638297],
 [69.7966933629583],
 [70.6407911146481],
 [71.9074718460499],
 [74.7766778205358],
 [76.3802712713541],
 [62.8804755660833],
 [61.7016015104457],
 [57.4001426057325],
 [56.7250353176182],
 [53.355480840359],
 [51.6711308848232]]
		],
  "reference": "Schroeder1969"
}
