{
  "components": ["FE", "VA"],
  "phases": ["BCC_A2"],
  "solver": {
	  "mode": "manual",
	  "sublattice_site_ratios": [1, 3],
	  "sublattice_configurations": [["FE", "VA"]]
  },
  "conditions": {
	  "P": 101325,
	  "T":  [ 299.65827133,  308.88621412,  319.38577584,  329.89494374,
        340.40411165,  349.60323588,  358.83117868,  369.34995277,
        399.59623137,  419.33334207,  429.84250998,  439.07045277,
        469.30712519,  458.7883511 ,  478.5254618 ,  489.04423589,
        499.56300998,  510.08178407,  558.74552352,  569.25469142,
        578.46342184,  598.19092636,  608.70009426,  640.26602272,
        648.15510329,  658.66427119,  667.8826078 ,  699.45814244,
        729.74284579,  738.98039477,  760.03715533,  778.5026471 ,
        789.05023975,  808.83538139,  819.40218641,  829.94977906,
        839.20654041,  849.76373925,  870.89734929,  890.75934042,
        910.64054391,  919.9453362 ,  941.20382666,  951.84748118,
        961.21951677,  971.90159603,  982.65091859,  986.72514239,
        992.12862223,  998.82293337, 1001.62553825, 1007.05783665,
       1012.53816598, 1017.96085819, 1018.07613243, 1023.5276432 ,
       1026.39749138, 1027.88044641, 1033.53368709, 1036.50920333,
       1039.32141439, 1042.28732444, 1045.30126541, 1044.77652748,
       1045.64468658, 1046.6377261 , 1047.6403718 , 1052.44826808,
       1058.75833177, 1062.54436997, 1066.320802  , 1071.37845913,
       1081.67629093, 1091.94530418, 1102.25274217, 1111.27895505,
       1126.82656771]
	},
  "output": "CPM",
  "values":   [[
	[25.301399210595765],
[25.661439450082465],
[25.781452863244713],
[25.961472982988067],
[26.141493102731417],
[26.321513222474767],
[26.681553461961478],
[26.92158028828596],
[27.64166076725937],
[28.181721126489425],
[28.36174124623278],
[28.721781485719507],
[29.38185525811181],
[29.14182843178732],
[29.681888791017396],
[29.921915617341863],
[30.161942443666348],
[30.401969269990833],
[31.602103401613192],
[31.782123521356546],
[32.022150347681],
[32.502204000329954],
[32.6822241200733],
[33.46231130562785],
[33.642331425371204],
[33.82235154511455],
[34.122385078020145],
[34.9624789701558],
[35.922586275453696],
[36.34263322152153],
[36.94270028733272],
[37.72278747288724],
[38.14283441895508],
[38.98292831109074],
[39.522988670320785],
[39.94303561638863],
[40.48309597561869],
[40.96314962826763],
[42.04327034672777],
[43.36341789151237],
[44.803578849459186],
[45.64367274159486],
[47.50388064560951],
[48.52399465748852],
[49.78413549569202],
[51.0442763338955],
[52.72446411816681],
[53.624564716883576],
[54.6446787287626],
[55.54477932747936],
[56.68490675252061],
[57.88504088414296],
[59.38520854867094],
[60.52533597371219],
[61.245416452685596],
[62.5655639974702],
[64.12573836857928],
[65.2058590870394],
[67.78614747002747],
[70.00639561352888],
[71.20652974515123],
[73.36677118207149],
[75.82704615189735],
[64.36576519490374],
[61.6054566921723],
[59.62523537499543],
[57.70502076439964],
[55.0047189682493],
[53.50455130372136],
[52.60445070500459],
[51.6443433997067],
[50.50421597466545],
[49.3640885496242],
[48.043941004839596],
[46.963820286379466],
[46.06371968766268],
[44.98359896920256]
		]],
  "reference": "Kollie1966",
  "comment": "Data from Kollie1967 Figure 6."
}
