{
  "components": ["FE", "MN"],
    "phases": ["BCC_A2", "FCC_A1", "LIQUID"],
  "conditions": {
	  "P": 101325,
	    "T": 
		[
1410.23054860915,
1427.57791741711,
1446.21515272308,
1482.90605119034,
1491.36418748582,
1504.01759816826,
1414.04007030623,
1433.02009127009,
1447.63182900135,
1482.90605119034,
1491.25619954701,
1507.93681888065,
1508.64244781534,
1512.34588276971,
1520.3226362112,
1507.93681888065,
1514.95793609953,
1521.3824579804,
1533.05903410366,
1505.2972932671,
1504.45154617942,
1504.24022823226,
1503.77491048535,
1504.01759816826,
1516.35807197168,
1512.37383035247,
1510.76532338712,
1508.26914795995,
1507.47473316713,
1507.9359633424
		]
  },
  "broadcast_conditions": false,
  "output": "ZPF",
  "values":
	[
	[["FCC_A1", ["FE"], [0.009]], ["BCC_A2", ["FE"], [null]]],
	[["FCC_A1", ["FE"], [0.0272]], ["BCC_A2", ["FE"], [null]]],
	[["FCC_A1", ["FE"], [0.0486]], ["BCC_A2", ["FE"], [null]]],
	[["FCC_A1", ["FE"], [0.1023]], ["BCC_A2", ["FE"], [null]]],
	[["FCC_A1", ["FE"], [0.1101]], ["BCC_A2", ["FE"], [null]]],
	[["FCC_A1", ["FE"], [0.1309]], ["BCC_A2", ["FE"], [null]], ["LIQUID", ["FE"], [null]]],
	[["FCC_A1", ["FE"], [null]], ["BCC_A2", ["FE"], [0.009]]],
	[["FCC_A1", ["FE"], [null]], ["BCC_A2", ["FE"], [0.0272]]],
	[["FCC_A1", ["FE"], [null]], ["BCC_A2", ["FE"], [0.0486]]],
	[["FCC_A1", ["FE"], [null]], ["BCC_A2", ["FE"], [0.1023]]],
	[["FCC_A1", ["FE"], [null]], ["BCC_A2", ["FE"], [0.1101]]],
	[["FCC_A1", ["FE"], [null]], ["BCC_A2", ["FE"], [0.1309]], ["LIQUID", ["FE"], [null]]],
	[["FCC_A1", ["FE"], [0.1725]], ["LIQUID", ["FE"], [null]]],
	[["FCC_A1", ["FE"], [0.1993]], ["LIQUID", ["FE"], [null]]],
	[["FCC_A1", ["FE"], [0.247]], ["LIQUID", ["FE"], [null]]],
	[["FCC_A1", ["FE"], [null]], ["BCC_A2", ["FE"], [null]], ["LIQUID", ["FE"], [0.1309]]],
	[["FCC_A1", ["FE"], [null]], ["LIQUID", ["FE"], [0.1725]]],
	[["FCC_A1", ["FE"], [null]], ["LIQUID", ["FE"], [0.1993]]],
	[["FCC_A1", ["FE"], [null]], ["LIQUID", ["FE"], [0.247]]],
	[["LIQUID", ["FE"], [null]], ["BCC_A2", ["FE"], [0.0272]]],
	[["LIQUID", ["FE"], [null]], ["BCC_A2", ["FE"], [0.0486]]],
	[["LIQUID", ["FE"], [null]], ["BCC_A2", ["FE"], [0.1023]]],
	[["LIQUID", ["FE"], [null]], ["BCC_A2", ["FE"], [0.1101]]],
	[["LIQUID", ["FE"], [null]], ["BCC_A2", ["FE"], [0.1309]], ["FCC_A1", ["FE"], [null]]],
	[["LIQUID", ["FE"], [0.01101]], ["BCC_A2", ["FE"], [null]]],
	[["LIQUID", ["FE"], [0.0272]], ["BCC_A2", ["FE"], [null]]],
	[["LIQUID", ["FE"], [0.0486]], ["BCC_A2", ["FE"], [null]]],
	[["LIQUID", ["FE"], [0.1023]], ["BCC_A2", ["FE"], [null]]],
	[["LIQUID", ["FE"], [0.1101]], ["BCC_A2", ["FE"], [null]]],
	[["LIQUID", ["FE"], [0.1309]], ["BCC_A2", ["FE"], [null]], ["FCC_A1", ["FE"], [null]]]
	],
    "reference": "hellawell1957constitution",
    "comment": "Figure 22 and Table A11."
}

