{
  "components": ["FE", "MN"],
    "phases": ["CUB_A13", "FCC_A1"],
  "conditions": {
	  "P": 101325,
	    "T": 
		[
1368.43379788004,
1377.94186972497,
1395.27383884448,
1422.05912536107,
1423.98750857123,
1428.25826044359,
1422.10675032352,
1410.35612261194,
1370.17614905124,
1382.07877739148,
1396.58081610744,
1423.0404277311,
1423.22474869356,
1428.47509185946,
1422.97664260175,
1420.80338533316,
1402.22404144861,

1369.65,
1368.15,
1382.15,
1380.65,
1398.15,
1394.65,
1425.15,
1421.65,
1427.15,
1421.65,
1430.15,
1426.65,
1424.15,
1421.15,
1418.65,
1413.15
		]
  },
  "broadcast_conditions": false,
  "output": "ZPF",
  "values":
	[
	[["CUB_A13", ["FE"], [0.009]], ["FCC_A1", ["FE"], [null]]],
	[["CUB_A13", ["FE"], [0.027]], ["FCC_A1", ["FE"], [null]]],
	[["CUB_A13", ["FE"], [0.049]], ["FCC_A1", ["FE"], [null]]],
	[["CUB_A13", ["FE"], [0.102]], ["FCC_A1", ["FE"], [null]]],
	[["CUB_A13", ["FE"], [0.110]], ["FCC_A1", ["FE"], [null]]],
	[["CUB_A13", ["FE"], [0.131]], ["FCC_A1", ["FE"], [null]]],
	[["CUB_A13", ["FE"], [0.173]], ["FCC_A1", ["FE"], [null]]],
	[["CUB_A13", ["FE"], [0.200]], ["FCC_A1", ["FE"], [null]]],
	[["CUB_A13", ["FE"], [null]], ["FCC_A1", ["FE"], [0.009]]],
	[["CUB_A13", ["FE"], [null]], ["FCC_A1", ["FE"], [0.027]]],
	[["CUB_A13", ["FE"], [null]], ["FCC_A1", ["FE"], [0.048]]],
	[["CUB_A13", ["FE"], [null]], ["FCC_A1", ["FE"], [0.102]]],
	[["CUB_A13", ["FE"], [null]], ["FCC_A1", ["FE"], [0.110]]],
	[["CUB_A13", ["FE"], [null]], ["FCC_A1", ["FE"], [0.132]]],
	[["CUB_A13", ["FE"], [null]], ["FCC_A1", ["FE"], [0.174]]],
	[["CUB_A13", ["FE"], [null]], ["FCC_A1", ["FE"], [0.201]]],
	[["CUB_A13", ["FE"], [null]], ["FCC_A1", ["FE"], [0.247]]],

	[["CUB_A13", ["FE"], [null]], ["FCC_A1", ["FE"], [0.009]]],
	[["CUB_A13", ["FE"], [0.009]], ["FCC_A1", ["FE"], [null]]],
	[["CUB_A13", ["FE"], [null]], ["FCC_A1", ["FE"], [0.0272]]],
	[["CUB_A13", ["FE"], [0.0272]], ["FCC_A1", ["FE"], [null]]],
	[["CUB_A13", ["FE"], [null]], ["FCC_A1", ["FE"], [0.0486]]],
	[["CUB_A13", ["FE"], [0.0486]], ["FCC_A1", ["FE"], [null]]],
	[["CUB_A13", ["FE"], [null]], ["FCC_A1", ["FE"], [0.1023]]],
	[["CUB_A13", ["FE"], [0.1023]], ["FCC_A1", ["FE"], [null]]],
	[["CUB_A13", ["FE"], [null]], ["FCC_A1", ["FE"], [0.1101]]],
	[["CUB_A13", ["FE"], [0.1101]], ["FCC_A1", ["FE"], [null]]],
	[["CUB_A13", ["FE"], [null]], ["FCC_A1", ["FE"], [0.1309]]],
	[["CUB_A13", ["FE"], [0.1309]], ["FCC_A1", ["FE"], [null]]],
	[["CUB_A13", ["FE"], [null]], ["FCC_A1", ["FE"], [0.1725]]],
	[["CUB_A13", ["FE"], [0.1725]], ["FCC_A1", ["FE"], [null]]],
	[["CUB_A13", ["FE"], [null]], ["FCC_A1", ["FE"], [0.1993]]],
	[["CUB_A13", ["FE"], [0.1993]], ["FCC_A1", ["FE"], [null]]]
	],
    "reference": "hellawell1957constitution",
    "comment": "Figure 22 and Table A11."}
